type	event_id	team_id	team_name	other_event_id	other_team_id
new	1950-01-QU	Automobiles_Talbot-Darracq_SA	Automobiles Talbot-Darracq SA		
new	1950-01-QU	Bob_Gerard	Bob Gerard		
new	1950-01-QU	Cuth_Harrison	Cuth Harrison		
new	1950-01-QU	Ecurie_Belge	Ecurie Belge		
new	1950-01-QU	Ecurie_Rosier	Ecurie Rosier		
new	1950-01-QU	Enrico_Plate	Enrico Plate		
new	1950-01-QU	Geoff_Crossley	Geoff Crossley		
new	1950-01-QU	Joe_Fry	Joe Fry		
new	1950-01-QU	Joe_Kelly	Joe Kelly		
new	1950-01-QU	Officine_Alfieri_Maserati	Officine Alfieri Maserati		
new	1950-01-QU	Peter_Walker	Peter Walker		
new	1950-01-QU	Philippe_Etancelin	Philippe Etancelin		
new	1950-01-QU	SA_Alfa_Romeo	SA Alfa Romeo		
new	1950-01-QU	Scuderia_Ambrosiana	Scuderia Ambrosiana		
new	1950-01-QU	Taso_Mathieson	Taso Mathieson		
new	1950-02-QU	Equipe_Gordini	Equipe Gordini		
new	1950-02-QU	Horschell_Racing_Corporation	Horschell Racing Corporation		
new	1950-02-QU	Peter_Whitehead	Peter Whitehead		
new	1950-02-QU	Scuderia_Achille_Varzi	Scuderia Achille Varzi		
new	1950-02-QU	Scuderia_Ferrari	Scuderia Ferrari		
new	1950-03-QU	Automobile_Shippers	Automobile Shippers		
new	1950-03-QU	Bardahl	Bardahl		
new	1950-03-QU	Belanger_Motors	Belanger Motors		
new	1950-03-QU	Blue_Crown_Spark_Plug	Blue Crown Spark Plug		
new	1950-03-QU	Bowes_Seal_Fast	Bowes Seal Fast		
new	1950-03-QU	Brown_Motor_Co.	Brown Motor Co.		
new	1950-03-QU	City_of_Glendale	City of Glendale		
new	1950-03-QU	Cummins_Diesel	Cummins Diesel		
new	1950-03-QU	Fadely-Anderson	Fadely-Anderson		
new	1950-03-QU	Granatelli-Sabourin	Granatelli-Sabourin		
new	1950-03-QU	Grant_Piston_Ring	Grant Piston Ring		
new	1950-03-QU	Hinkle	Hinkle		
new	1950-03-QU	Howard_Keck	Howard Keck		
new	1950-03-QU	I.R.C.	I.R.C.		
new	1950-03-QU	John_Zink	John Zink		
new	1950-03-QU	Merz_Engineering	Merz Engineering		
new	1950-03-QU	Morris	Morris		
new	1950-03-QU	Norm_Olson	Norm Olson		
new	1950-03-QU	Palmer	Palmer		
new	1950-03-QU	Pat_Clancy	Pat Clancy		
new	1950-03-QU	Pete_Wales	Pete Wales		
new	1950-03-QU	Pioneer_Auto_Repair	Pioneer Auto Repair		
new	1950-03-QU	Russo-Nichels	Russo-Nichels		
new	1950-03-QU	Sampson	Sampson		
new	1950-03-QU	Troy_Oil	Troy Oil		
new	1950-03-QU	Tuffy's_Offy	Tuffy's Offy		
new	1950-03-QU	Wolfe	Wolfe		
new	1950-03-QU	Wynn's_Friction_Proofing	Wynn's Friction Proofing		
new	1950-04-QU	Ecurie_Bleue	Ecurie Bleue		
new	1950-04-QU	Scuderia_Milano	Scuderia Milano		
new	1950-04-QU	Toni_Branca	Toni Branca		
new	1950-05-QU	Ecurie_Leutitia	Ecurie Leutitia		
new	1950-05-QU	Pierre_Levegh	Pierre Levegh		
new	1950-05-QU	Raymond_Sommer	Raymond Sommer		
new	1950-06-QU	Charles_Pozzi	Charles Pozzi		
change	1950-06-QU	Ecurie_Lutetia	Ecurie Lutetia	1950-05-QU	Ecurie_Leutitia
new	1950-07-QU	Clemente_Biondetti	Clemente Biondetti		
new	1950-07-QU	Guy_Mairesse	Guy Mairesse		
new	1950-07-QU	Paul_Pietsch	Paul Pietsch		
new	1950-07-QU	Toulo_de_Graffenried	Toulo de Graffenried		
change	1951-01-QU	Ecurie_Belgique	Ecurie Belgique	1950-07-QU	Guy_Mairesse
new	1951-01-QU	Ecurie_Espadon	Ecurie Espadon		
new	1951-01-QU	HW_Motors	HW Motors		
new	1951-01-QU	Jose_Froilan_Gonzalez	Jose Froilan Gonzalez		
new	1951-01-QU	Peter_Hirt	Peter Hirt		
new	1951-01-QU	Yves_Giraud-Cabantous	Yves Giraud-Cabantous		
new	1951-02-QU	Agajanian_Featherweight	Agajanian Featherweight		
new	1951-02-QU	Agajanian_Grant_Piston_Ring	Agajanian Grant Piston Ring		
new	1951-02-QU	Blakely_Oil	Blakely Oil		
new	1951-02-QU	Bob_Estes_Lincoln-Mercury	Bob Estes Lincoln-Mercury		
new	1951-02-QU	Central_Excavating	Central Excavating		
new	1951-02-QU	Chapman	Chapman		
new	1951-02-QU	Deck_Manufacturing_Co.	Deck Manufacturing Co.		
new	1951-02-QU	Federal_Engineering	Federal Engineering		
new	1951-02-QU	Granatelli-Bardahl	Granatelli-Bardahl		
new	1951-02-QU	Jim_Robbins	Jim Robbins		
new	1951-02-QU	Karl_Hall	Karl Hall		
new	1951-02-QU	Leitenberger	Leitenberger		
new	1951-02-QU	McNamara	McNamara		
new	1951-02-QU	Mobilgas	Mobilgas		
new	1951-02-QU	Mobiloil	Mobiloil		
new	1951-02-QU	Novi_Purelube	Novi Purelube		
new	1951-02-QU	Parks	Parks		
new	1951-02-QU	Pennzoil	Pennzoil		
new	1951-02-QU	Schmidt	Schmidt		
new	1951-02-QU	Tuffanelli-Derrico	Tuffanelli-Derrico		
new	1951-02-QU	W_&_J	W & J		
new	1951-04-QU	Eugene_Chaboud	Eugene Chaboud		
new	1951-04-QU	G.A._Vandervell	G.A. Vandervell		
new	1951-04-QU	Graham_Whitehead	Graham Whitehead		
new	1951-05-QU	Brian_Shawe-Taylor	Brian Shawe-Taylor		
new	1951-05-QU	British_Racing_Motors_Ltd.	British Racing Motors Ltd.		
new	1951-05-QU	Duncan_Hamilton	Duncan Hamilton		
new	1951-05-QU	John_James	John James		
new	1951-05-QU	Philip_Fotheringham-Parker	Philip Fotheringham-Parker		
new	1951-07-QU	Chico_Landi	Chico Landi		
new	1951-07-QU	OSCA_Automobili	OSCA Automobili		
new	1951-08-QU	Ecurie_Siam	Ecurie Siam		
new	1951-08-QU	Georges_Grignard	Georges Grignard		
new	1952-01-QU	Alex_Falkenhausen_Motorenen	Alex Falkenhausen Motorenen		
new	1952-01-QU	Alfred_Dattner	Alfred Dattner		
new	1952-01-QU	Ecurie_Richmond	Ecurie Richmond		
new	1952-01-QU	Scuderia_Franera	Scuderia Franera		
new	1952-01-QU	Toni_Ulmen	Toni Ulmen		
new	1952-02-QU	Agajanian	Agajanian		
new	1952-02-QU	Ansted_Rotary	Ansted Rotary		
new	1952-02-QU	Bob_Estes	Bob Estes		
new	1952-02-QU	Coast_Grain_Co.	Coast Grain Co.		
alias	1952-02-QU	Ferrari	Ferrari	1950-02-QU	Scuderia_Ferrari
new	1952-02-QU	Fuel_Injection	Fuel Injection		
new	1952-02-QU	Granatelli_Racing_Enterprises	Granatelli Racing Enterprises		
new	1952-02-QU	Grancor-Wynn's_Oil	Grancor-Wynn's Oil		
new	1952-02-QU	McDowell	McDowell		
new	1952-02-QU	Mel-Rae	Mel-Rae		
new	1952-02-QU	Miracle_Power	Miracle Power		
new	1952-02-QU	Novi_Pure_Oil	Novi Pure Oil		
new	1952-02-QU	Springfield_Welding_/_Clay_Smith	Springfield Welding / Clay Smith		
new	1952-02-QU	Tom_Sarafoff	Tom Sarafoff		
new	1952-03-QU	Arthur_Legat	Arthur Legat		
new	1952-03-QU	Ecurie_Francorchamps	Ecurie Francorchamps		
new	1952-03-QU	ERA_Ltd.	ERA Ltd.		
new	1952-03-QU	Leslie_Hawthorn	Leslie Hawthorn		
new	1952-03-QU	Robert_O'Brien	Robert O'Brien		
new	1952-03-QU	Tony_Gaze	Tony Gaze		
new	1952-03-QU	WS_Aston	WS Aston		
new	1952-04-QU	AHM_Bryde	AHM Bryde		
new	1952-04-QU	Escuderia_Bandeirantes	Escuderia Bandeirantes		
alias	1952-04-QU	Escurie_Espadon	Escurie Espadon	1951-01-QU	Ecurie_Espadon
new	1952-04-QU	Scuderia_Marzotto	Scuderia Marzotto		
new	1952-05-QU	Connaught_Engineering	Connaught Engineering		
new	1952-05-QU	Ecurie_Ecosse	Ecurie Ecosse		
new	1952-05-QU	G_Caprara	G Caprara		
new	1952-05-QU	Tony_Crook	Tony Crook		
new	1952-06-QU	Adolf_Brudes	Adolf Brudes		
new	1952-06-QU	BMW	BMW		
new	1952-06-QU	Ernst_Klodwig	Ernst Klodwig		
new	1952-06-QU	Fritz_Riess	Fritz Riess		
new	1952-06-QU	Hans_Klenk	Hans Klenk		
new	1952-06-QU	Harry_Merkel	Harry Merkel		
new	1952-06-QU	Helmut_Niedermayr	Helmut Niedermayr		
new	1952-06-QU	Josef_Peters	Josef Peters		
new	1952-06-QU	Marcel_Balsa	Marcel Balsa		
new	1952-06-QU	Motor-Presse-Verlag	Motor-Presse-Verlag		
new	1952-06-QU	Rudolf_Krause	Rudolf Krause		
new	1952-06-QU	Theo_Helfrich	Theo Helfrich		
new	1952-06-QU	Willi_Heeks	Willi Heeks		
new	1952-06-QU	Willi_Krakau	Willi Krakau		
new	1952-07-QU	Ken_Downing	Ken Downing		
new	1952-08-QU	Elie_Bayol	Elie Bayol		
new	1953-01-QU	Cooper_Car_Company	Cooper Car Company		
new	1953-01-QU	R.J._Chase	R.J. Chase		
new	1953-02-QU	Belond_Equa-Flow_Exhaust	Belond Equa-Flow Exhaust		
new	1953-02-QU	Cop-Sil-Loy	Cop-Sil-Loy		
new	1953-02-QU	Crawford	Crawford		
new	1953-02-QU	Dean_Van_Lines	Dean Van Lines		
new	1953-02-QU	Dr._Sabourin	Dr. Sabourin		
new	1953-02-QU	Grancor-Elgin_Piston_Pin	Grancor-Elgin Piston Pin		
new	1953-02-QU	Hart_Fullerton	Hart Fullerton		
new	1953-02-QU	Kalamazoo	Kalamazoo		
new	1953-02-QU	Lubri-Loy	Lubri-Loy		
new	1953-02-QU	M.A._Walker_Electric	M.A. Walker Electric		
new	1953-02-QU	Novi_Governor	Novi Governor		
new	1953-02-QU	Sumar	Sumar		
new	1953-02-QU	Travelon_Trailer	Travelon Trailer		
new	1953-03-QU	Ken_Wharton	Ken Wharton		
new	1953-04-QU	Georges_Berger	Georges Berger		
new	1953-05-QU	Louis_Chiron	Louis Chiron		
new	1953-06-QU	Atlantic_Stable	Atlantic Stable		
new	1953-06-QU	John_Heath	John Heath		
new	1953-06-QU	Rob_Walker_Racing_Team	Rob Walker Racing Team		
new	1953-07-QU	Dora_Greifzu	Dora Greifzu		
new	1953-07-QU	EMW_Rennkollektiv	EMW Rennkollektiv		
new	1953-07-QU	Equipe_Anglaise	Equipe Anglaise		
new	1953-07-QU	Ernst_Loof	Ernst Loof		
new	1953-07-QU	Erwin_Bauer	Erwin Bauer		
new	1953-07-QU	Gunther_Bechem	Gunther Bechem		
new	1953-07-QU	Oswald_Karch	Oswald Karch		
new	1953-07-QU	Rodney_Nuckey	Rodney Nuckey		
new	1953-07-QU	Theo_Fitzau	Theo Fitzau		
new	1953-07-QU	Wolfgang_Seidel	Wolfgang Seidel		
change	1954-01-QU	Baron_de_Graffenried	Baron de Graffenried	1950-07-QU	Toulo_de_Graffenried
new	1954-01-QU	Harry_Schell	Harry Schell		
new	1954-01-QU	Jorge_Daponte	Jorge Daponte		
new	1954-01-QU	Onofre_Marimon	Onofre Marimon		
new	1954-02-QU	Advance_Muffler	Advance Muffler		
new	1954-02-QU	Brady	Brady		
new	1954-02-QU	Hopkins	Hopkins		
new	1954-02-QU	Jones_&_Maley	Jones & Maley		
new	1954-02-QU	Lutes	Lutes		
new	1954-02-QU	Malloy	Malloy		
new	1954-02-QU	Martin_Brothers	Martin Brothers		
new	1954-02-QU	Mel_Wiggers	Mel Wiggers		
new	1954-03-QU	Equipe_Moss	Equipe Moss		
new	1954-03-QU	Prince_Bira	Prince Bira		
new	1954-03-QU	Roberto_Mieres	Roberto Mieres		
new	1954-04-QU	Daimler_Benz_AG	Daimler Benz AG		
new	1954-04-QU	Gilby_Engineering_Ltd.	Gilby Engineering Ltd.		
change	1954-04-QU	Owen_Racing_Organisation	Owen Racing Organisation	1951-05-QU	British_Racing_Motors_Ltd.
change	1954-05-QU	Alfred_Moss	Alfred Moss	1954-03-QU	Equipe_Moss
new	1954-05-QU	Bill_Whitehouse	Bill Whitehouse		
new	1954-05-QU	Gould's_Garage_(Bristol)	Gould's Garage (Bristol)		
new	1954-05-QU	Leslie_Marr	Leslie Marr		
new	1954-05-QU	Sir_Jeremy_Boles	Sir Jeremy Boles		
change	1954-06-QU	Hans_Klenk-Meteor	Hans Klenk-Meteor	1952-06-QU	Hans_Klenk
new	1954-09-QU	Scuderia_Lancia	Scuderia Lancia		
new	1955-01-QU	Alberto_Uria	Alberto Uria		
change	1955-02-QU	Vandervell_Products_Ltd.	Vandervell Products Ltd.	1951-04-QU	G.A._Vandervell
new	1955-03-QU	Aristo_Blue	Aristo Blue		
new	1955-03-QU	Belond_Miracle_Power	Belond Miracle Power		
new	1955-03-QU	D-A_Lubricant	D-A Lubricant		
new	1955-03-QU	Dunn_Engineering	Dunn Engineering		
new	1955-03-QU	Massaglia	Massaglia		
new	1955-03-QU	McDaniel	McDaniel		
new	1955-03-QU	Sam_Traylor	Sam Traylor		
new	1955-03-QU	Trio_Brass_Foundry	Trio Brass Foundry		
new	1955-03-QU	Westwood_Gauge_&_Tool	Westwood Gauge & Tool		
new	1955-04-QU	Stirling_Moss_Ltd.	Stirling Moss Ltd.		
change	1955-05-QU	Equipe_Nationale_Belge	Equipe Nationale Belge	1950-01-QU	Ecurie_Belge
new	1955-07-QU	Scuderia_Volpini	Scuderia Volpini		
change	1956-01-QU	Luigi_Piotti	Luigi Piotti	1955-07-QU	Scuderia_Volpini
new	1956-02-QU	Scuderia_Centro_Sud	Scuderia Centro Sud		
new	1956-03-QU	D-A_Lubicrant	D-A Lubicrant		
new	1956-03-QU	Filter_Queen	Filter Queen		
new	1956-03-QU	Greenman-Casale	Greenman-Casale		
new	1956-03-QU	Helse	Helse		
new	1956-03-QU	Hoyt_Machine	Hoyt Machine		
new	1956-03-QU	Massaglia_Hotels	Massaglia Hotels		
new	1956-03-QU	Novi_Vespa	Novi Vespa		
new	1956-03-QU	Shannon's	Shannon's		
new	1956-04-QU	Piero_Scotti	Piero Scotti		
new	1956-05-QU	Andre_Simon	Andre Simon		
new	1956-05-QU	Automobiles_Bugatti	Automobiles Bugatti		
new	1956-06-QU	Bruce_Halford	Bruce Halford		
new	1956-06-QU	Emeryson_Cars	Emeryson Cars		
new	1956-06-QU	Jack_Brabham	Jack Brabham		
new	1956-06-QU	Scuderia_Guastalla	Scuderia Guastalla		
new	1956-07-QU	Ottorino_Volonterio	Ottorino Volonterio		
new	1957-02-QU	Horace_Gould	Horace Gould		
new	1957-03-QU	Belond_Exhaust	Belond Exhaust		
new	1957-03-QU	Chiropractic	Chiropractic		
new	1957-03-QU	Dayton_Steel_Foundry	Dayton Steel Foundry		
new	1957-03-QU	McKay	McKay		
new	1957-03-QU	McNamara_/_Veedol	McNamara / Veedol		
new	1957-03-QU	Novi_Auto_Air_Conditioner	Novi Auto Air Conditioner		
new	1957-03-QU	Schildmeier_Seal_Line	Schildmeier Seal Line		
new	1957-03-QU	Sclavi_&_Amos	Sclavi & Amos		
new	1957-03-QU	Wolcott_Fuel_Injection	Wolcott Fuel Injection		
new	1957-05-QU	Joakim_Bonnier_Racing_Team	Joakim Bonnier Racing Team		
new	1957-06-QU	Brian_Naylor	Brian Naylor		
new	1957-06-QU	Dick_Gibson	Dick Gibson		
new	1957-06-QU	Dr._Ing_F._Porsche_KG	Dr. Ing F. Porsche KG		
new	1957-06-QU	Ecurie_Maarsbergen	Ecurie Maarsbergen		
new	1957-06-QU	Paco_Godia	Paco Godia		
new	1957-06-QU	Ridgeway_Managements	Ridgeway Managements		
new	1958-01-QU	Ken_Kavanagh	Ken Kavanagh		
new	1958-01-QU	Scuderia_Sud_Americana	Scuderia Sud Americana		
new	1958-02-QU	Giorgio_Scarlatti	Giorgio Scarlatti		
change	1958-02-QU	Team_Lotus	Team Lotus	1951-02-QU	Chapman
new	1958-04-QU	Belond_A.P._Muffler	Belond A.P. Muffler		
new	1958-04-QU	Bryant_Heating_&_Cooling	Bryant Heating & Cooling		
new	1958-04-QU	City_of_Daytona_Beach	City of Daytona Beach		
new	1958-04-QU	Demler	Demler		
new	1958-04-QU	Gerhardt	Gerhardt		
new	1958-04-QU	Leader_Card_500_Roadster	Leader Card 500 Roadster		
new	1958-04-QU	Sorenson	Sorenson		
new	1958-05-QU	Maria_Teresa_de_Filippis	Maria Teresa de Filippis		
new	1958-06-QU	Juan_Manuel_Fangio	Juan Manuel Fangio		
new	1958-07-QU	Bernie_Ecclestone	Bernie Ecclestone		
new	1958-08-QU	Ecurie_Demi_Litre	Ecurie Demi Litre		
new	1958-08-QU	Ecurie_Eperon_d'Or	Ecurie Eperon d'Or		
new	1958-08-QU	High_Efficiency_Motors	High Efficiency Motors		
new	1958-08-QU	Tony_Marsh	Tony Marsh		
new	1958-09-QU	Temple_Buell	Temple Buell		
new	1958-11-QU	British_Racing_Partnership	British Racing Partnership		
new	1958-11-QU	Ken_Tyrrell	Ken Tyrrell		
new	1958-11-QU	Robert_LaCaze	Robert LaCaze		
new	1959-01-QU	John_Fisher	John Fisher		
new	1959-02-QU	Drewry's	Drewry's		
new	1959-02-QU	Hall-Mar	Hall-Mar		
new	1959-02-QU	Hoover_Motor_Express	Hoover Motor Express		
new	1959-02-QU	John_Zink_Heater	John Zink Heater		
new	1959-02-QU	McNamara_Chiropractic	McNamara Chiropractic		
new	1959-02-QU	Meguiar's_Mirror_Glaze	Meguiar's Mirror Glaze		
new	1959-02-QU	Racing_Associates	Racing Associates		
new	1959-02-QU	Ray_Brady	Ray Brady		
new	1959-02-QU	Simoniz	Simoniz		
new	1959-02-QU	Smokey's_Reverse_Torque	Smokey's Reverse Torque		
new	1959-02-QU	Wheeler-Foutch	Wheeler-Foutch		
new	1959-02-QU	Wolcott_Memorial	Wolcott Memorial		
new	1959-03-QU	David_Brown_Corporation	David Brown Corporation		
new	1959-04-QU	Scuderia_Ugolini	Scuderia Ugolini		
new	1959-05-QU	Alan_Brown_Equipe	Alan Brown Equipe		
new	1959-05-QU	Dorchester_Service_Station	Dorchester Service Station		
change	1959-05-QU	JB_Naylor	JB Naylor	1957-06-QU	Brian_Naylor
new	1959-06-QU	Jean_Behra	Jean Behra		
new	1959-08-QU	Giulio_Cabianca	Giulio Cabianca		
change	1959-09-QU	Automobili_OSCA	Automobili OSCA	1951-07-QU	OSCA_Automobili
new	1959-09-QU	Blanchard_Automobiles	Blanchard Automobiles		
new	1959-09-QU	Camoradi_International	Camoradi International		
change	1959-09-QU	Connaught_Cars_/_Paul_Emery	Connaught Cars / Paul Emery	1952-05-QU	Connaught_Engineering
new	1959-09-QU	Leader_Cards_Inc.	Leader Cards Inc.		
new	1959-09-QU	Mike_Taylor	Mike Taylor		
new	1959-09-QU	Phil_Cade	Phil Cade		
new	1960-01-QU	Antonio_Creus	Antonio Creus		
new	1960-01-QU	Ettore_Chimeri	Ettore Chimeri		
new	1960-01-QU	Gino_Munaron	Gino Munaron		
new	1960-01-QU	Nasif_Estefano	Nasif Estefano		
change	1960-02-QU	Yeoman_Credit_Racing_Team	Yeoman Credit Racing Team	1958-11-QU	British_Racing_Partnership
new	1960-03-QU	Adams_Quarter_Horse_Farm	Adams Quarter Horse Farm		
new	1960-03-QU	Bill_Forbes	Bill Forbes		
new	1960-03-QU	Dowgard	Dowgard		
new	1960-03-QU	Go-Kart	Go-Kart		
new	1960-03-QU	Joe_Hunt_Magneto	Joe Hunt Magneto		
new	1960-03-QU	Ken-Paul	Ken-Paul		
new	1960-03-QU	King_O'Lawn	King O'Lawn		
new	1960-03-QU	Metal-Cal	Metal-Cal		
new	1960-03-QU	Ridgewood_Builders	Ridgewood Builders		
new	1960-03-QU	Ross-Babcock_Traveler	Ross-Babcock Traveler		
new	1960-03-QU	S-R_Racing_Enterprises	S-R Racing Enterprises		
new	1960-03-QU	Thompson_Industries	Thompson Industries		
new	1960-04-QU	Reventlow_Automobiles_Inc.	Reventlow Automobiles Inc.		
new	1960-05-QU	Taylor-Crawley_Racing_Team	Taylor-Crawley Racing Team		
new	1960-06-QU	Fred_Tuck_Cars	Fred Tuck Cars		
new	1960-06-QU	Robert_Bodle_Ltd.	Robert Bodle Ltd.		
new	1960-06-QU	Scuderia_Castellotti	Scuderia Castellotti		
change	1960-07-QU	CT_Atkins	CT Atkins	1958-08-QU	High_Efficiency_Motors
change	1960-07-QU	Gilby_Engineering_Co._Ltd.	Gilby Engineering Co. Ltd.	1954-04-QU	Gilby_Engineering_Ltd.
change	1960-09-QU	Arthur_Owen	Arthur Owen	1954-04-QU	Owen_Racing_Organisation
change	1960-09-QU	Equipe_Prideaux_/_Dick_Gibson	Equipe Prideaux / Dick Gibson	1957-06-QU	Dick_Gibson
alias	1960-09-QU	Porsche_System_Engineering	Porsche System Engineering	1957-06-QU	Dr._Ing_F._Porsche_KG
new	1960-09-QU	Scuderia_Colonia	Scuderia Colonia		
new	1960-10-QU	Fred_Armbruster	Fred Armbruster		
new	1960-10-QU	Jim_Hall	Jim Hall		
new	1960-10-QU	Joe_Lubin	Joe Lubin		
change	1960-10-QU	Owen_Racing_Organisation	Owen Racing Organisation	1960-09-QU	Arthur_Owen
change	1961-01-QU	Porsche_System_Engineering	Porsche System Engineering	1957-06-QU	Dr._Ing_F._Porsche_KG
change	1961-01-QU	Scuderia_Ferrari_SpA_SEFAC	Scuderia Ferrari SpA SEFAC	1950-02-QU	Scuderia_Ferrari
new	1961-01-QU	Scuderia_Serenissima	Scuderia Serenissima		
change	1961-01-QU	UDT-Laystall_Racing_Team	UDT-Laystall Racing Team	1960-02-QU	Yeoman_Credit_Racing_Team
new	1961-01-QU	Yeoman_Credit_Racing_Team	Yeoman Credit Racing Team		
new	1961-03-QU	H&L_Motors	H&L Motors		
new	1961-04-QU	Bernard_Collomb	Bernard Collomb		
new	1961-04-QU	FISA	FISA		
new	1961-05-QU	Gerry_Ashmore	Gerry Ashmore		
new	1961-05-QU	Louise_Bryden-Brown	Louise Bryden-Brown		
change	1961-05-QU	Scuderia_Sant_Ambroeus	Scuderia Sant Ambroeus	1961-04-QU	FISA
alias	1961-05-QU	Tim_Parnell	Tim Parnell	1961-01-QU	Yeoman_Credit_Racing_Team
new	1961-07-QU	Irsobele_de_Tomaso	Irsobele de Tomaso		
change	1961-07-QU	JBW_Cars	JBW Cars	1959-05-QU	JB_Naylor
new	1961-07-QU	Pescara_Racing_Club	Pescara Racing Club		
new	1961-07-QU	Prince_Gaetano_Starrabba	Prince Gaetano Starrabba		
new	1961-07-QU	Scuderia_Settecolli	Scuderia Settecolli		
new	1961-08-QU	Hap_Sharp	Hap Sharp		
new	1961-08-QU	J._Frank_Harrison	J. Frank Harrison		
new	1961-08-QU	John_M._Wyatt_III	John M. Wyatt III		
new	1961-08-QU	J._Wheeler_Autosport	J. Wheeler Autosport		
new	1961-08-QU	Momo_Corporation	Momo Corporation		
change	1962-01-QU	Bowmaker-Yeoman_Racing_Team	Bowmaker-Yeoman Racing Team	1961-01-QU	Yeoman_Credit_Racing_Team
new	1962-01-QU	Brabham_Racing_Organisation	Brabham Racing Organisation		
new	1962-01-QU	Ecurie_Galloise	Ecurie Galloise		
change	1962-03-QU	Autosport_Team_Wolfgang_Seidel	Autosport Team Wolfgang Seidel	1953-07-QU	Wolfgang_Seidel
new	1962-03-QU	Ecurie_Filipinetti	Ecurie Filipinetti		
new	1962-05-QU	Anglo-American_Equipe	Anglo-American Equipe		
new	1962-05-QU	Ecurie_Excelsior	Ecurie Excelsior		
new	1962-05-QU	John_Dalton	John Dalton		
change	1962-06-QU	Scuderia_SSS_Republica_di_Venezia	Scuderia SSS Republica di Venezia	1961-01-QU	Scuderia_Serenissima
new	1962-08-QU	Dupont_Team_Zerex	Dupont Team Zerex		
new	1962-08-QU	John_Mecom	John Mecom		
new	1962-09-QU	Ernie_Pieterse	Ernie Pieterse		
new	1962-09-QU	John_Love	John Love		
new	1962-09-QU	Mike_Harris	Mike Harris		
new	1962-09-QU	Neville_Lederle	Neville Lederle		
new	1962-09-QU	Otelle_Nucci	Otelle Nucci		
change	1963-01-QU	British_Racing_Partnership	British Racing Partnership	1961-01-QU	UDT-Laystall_Racing_Team
change	1963-01-QU	Reg_Parnell_Racing	Reg Parnell Racing	1962-01-QU	Bowmaker-Yeoman_Racing_Team
new	1963-01-QU	Siffert_Racing_Team	Siffert Racing Team		
new	1963-02-QU	Automobili_Tourismo_e_Sport	Automobili Tourismo e Sport		
new	1963-02-QU	Scirocco_Powell	Scirocco Powell		
new	1963-05-QU	DW_Racing_Enterprises	DW Racing Enterprises		
new	1963-05-QU	Ian_Raby_Racing	Ian Raby Racing		
new	1963-08-QU	Canadian_Stebro_Racing	Canadian Stebro Racing		
new	1963-09-QU	Frank_Dochnal	Frank Dochnal		
new	1963-10-QU	David_Prophet	David Prophet		
new	1963-10-QU	Lawson_Organisation	Lawson Organisation		
new	1963-10-QU	Sam_Tingle	Sam Tingle		
new	1963-10-QU	Scuderia_Lupino	Scuderia Lupino		
new	1963-10-QU	Selby_Auto_Spares	Selby Auto Spares		
new	1963-10-QU	Ted_Lanfear	Ted Lanfear		
new	1964-01-QU	Maurice_Trintignant	Maurice Trintignant		
change	1964-03-QU	Equipe_Scirocco_Belge	Equipe Scirocco Belge	1963-02-QU	Scirocco_Powell
new	1964-05-QU	Bob_Gerard_Racing	Bob Gerard Racing		
new	1964-05-QU	John_Willment_Automobiles	John Willment Automobiles		
new	1964-06-QU	Honda_R&D_Co.	Honda R&D Co.		
new	1964-06-QU	Revson_Racing	Revson Racing		
new	1964-08-QU	Derrington-Francis	Derrington-Francis		
new	1964-08-QU	Fabre_Urbain	Fabre Urbain		
alias	1964-09-QU	North_American_Racing_Team	North American Racing Team	1961-01-QU	Scuderia_Ferrari_SpA_SEFAC
change	1966-01-QU	Anglo-Suisse_Racing	Anglo-Suisse Racing	1957-05-QU	Joakim_Bonnier_Racing_Team
new	1966-01-QU	Bruce_McLaren_Motor_Racing	Bruce McLaren Motor Racing		
new	1966-01-QU	Guy_Ligier	Guy Ligier		
change	1966-01-QU	Reg_Parnell_Racing_Ltd.	Reg Parnell Racing Ltd.	1963-01-QU	Reg_Parnell_Racing
new	1966-01-QU	Team_Chamaco_Collect	Team Chamaco Collect		
new	1966-02-QU	Anglo_American_Racers	Anglo American Racers		
new	1966-03-QU	David_Bridges	David Bridges		
alias	1966-03-QU	Ron_Harris-Team_Lotus	Ron Harris-Team Lotus	1958-02-QU	Team_Lotus
new	1966-04-QU	J.A._Pearce_Engineering_Ltd.	J.A. Pearce Engineering Ltd.		
new	1966-04-QU	Shannon_Racing_Cars	Shannon Racing Cars		
change	1966-08-QU	Bernard_White_Racing	Bernard White Racing	1966-01-QU	Team_Chamaco_Collect
change	1967-01-QU	Joakim_Bonnier_Racing_Team	Joakim Bonnier Racing Team	1966-01-QU	Anglo-Suisse_Racing
change	1967-01-QU	Honda_Racing	Honda Racing	1964-06-QU	Honda_R&D_Co.
new	1967-01-QU	LDS	LDS		
new	1967-01-QU	Luki_Botha	Luki Botha		
change	1967-01-QU	Rob_Walker-Jack_Durlacher_Racing_Team	Rob Walker-Jack Durlacher Racing Team	1953-06-QU	Rob_Walker_Racing_Team
new	1967-01-QU	Scuderia_Scribante	Scuderia Scribante		
new	1967-02-QU	Matra_Sports	Matra Sports		
new	1967-06-QU	Charles_Vogele_Racing	Charles Vogele Racing		
new	1967-07-QU	Lola_Cars_Ltd.	Lola Cars Ltd.		
new	1967-08-QU	Castrol_Oils_Ltd.	Castrol Oils Ltd.		
new	1967-08-QU	Mike_Fisher	Mike Fisher		
alias	1968-01-QU	Matra_International	Matra International	1967-02-QU	Matra_Sports
new	1968-01-QU	Team_Gunston	Team Gunston		
new	1968-01-QU	Team_Pretoria	Team Pretoria		
change	1968-02-QU	Gold_Leaf_Team_Lotus	Gold Leaf Team Lotus	1958-02-QU	Team_Lotus
new	1968-08-QU	BMW	BMW		
new	1969-01-QU	Jack_Holme	Jack Holme		
change	1969-01-QU	Matra_International	Matra International	1967-02-QU	Matra_Sports
change	1969-01-QU	Motor_Racing_Developments	Motor Racing Developments	1962-01-QU	Brabham_Racing_Organisation
new	1969-01-QU	Team_Lawson	Team Lawson		
new	1969-02-QU	Frank_Williams_Racing_Cars	Frank Williams Racing Cars		
change	1969-03-QU	Cooper	Cooper	1953-01-QU	Cooper_Car_Company
change	1969-05-QU	Antique_Automobiles	Antique Automobiles	1969-03-QU	Cooper
new	1969-05-QU	Silvio_Moser_Racing_Team	Silvio Moser Racing Team		
new	1969-09-QU	John_Maryon	John Maryon		
new	1969-10-QU	Pete_Lovely_Volkswagen_Inc.	Pete Lovely Volkswagen Inc.		
alias	1970-01-QU	Auto_Motor_Und_Sport	Auto Motor Und Sport	1969-01-QU	Motor_Racing_Developments
change	1970-01-QU	Equip_Matra_Elf	Equip Matra Elf	1969-01-QU	Matra_International
new	1970-01-QU	March_Engineering	March Engineering		
new	1970-01-QU	STP_Corporation	STP Corporation		
new	1970-01-QU	Team_Surtees	Team Surtees		
new	1970-01-QU	Tyrrell_Racing_Organisation	Tyrrell Racing Organisation		
change	1970-02-QU	Yardley_Team_BRM	Yardley Team BRM	1960-10-QU	Owen_Racing_Organisation
change	1970-03-QU	Antique_Automobiles_Racing_Team	Antique Automobiles Racing Team	1969-05-QU	Antique_Automobiles
change	1970-03-QU	Rob_Walker_Racing_Team	Rob Walker Racing Team	1967-01-QU	Rob_Walker-Jack_Durlacher_Racing_Team
alias	1970-03-QU	Brooke_Bond_Oxo_Racing-Rob_Walker	Brooke Bond Oxo Racing-Rob Walker	1970-03-QU	Rob_Walker_Racing_Team
new	1970-04-QU	Tom_Wheatcroft_Racing	Tom Wheatcroft Racing		
alias	1970-04-QU	World_Wide_Racing	World Wide Racing	1968-02-QU	Gold_Leaf_Team_Lotus
change	1970-05-QU	Colin_Crabbe_Racing	Colin Crabbe Racing	1970-03-QU	Antique_Automobiles_Racing_Team
alias	1970-07-QU	Pete_Lovely_Volkswagen_Inc	Pete Lovely Volkswagen Inc	1969-10-QU	Pete_Lovely_Volkswagen_Inc.
alias	1970-08-QU	Rob_Walker_Team_Surtees	Rob Walker Team Surtees	1970-01-QU	Team_Surtees
new	1970-09-QU	Silvio_Moser_Racing_Team	Silvio Moser Racing Team		
change	1970-12-QU	Ecurie_Bonnier	Ecurie Bonnier	1967-01-QU	Joakim_Bonnier_Racing_Team
new	1970-12-QU	Gus_Hutchison	Gus Hutchison		
alias	1971-01-QU	Eifelland_Team_Surtees	Eifelland Team Surtees	1970-01-QU	Team_Surtees
change	1971-01-QU	Elf_Team_Tyrrell	Elf Team Tyrrell	1970-01-QU	Tyrrell_Racing_Organisation
change	1971-01-QU	Equip_Matra_Sports	Equip Matra Sports	1970-01-QU	Equip_Matra_Elf
change	1971-01-QU	STP_March_Racing_Team	STP March Racing Team	1970-01-QU	March_Engineering
new	1971-04-QU	Gene_Mason_Racing	Gene Mason Racing		
new	1971-04-QU	Stichting_Autoraces_Nederland	Stichting Autoraces Nederland		
new	1971-05-QU	Jo_Siffert_Automobiles	Jo Siffert Automobiles		
new	1971-06-QU	Clarke-Mordaunt-Guthrie_Racing	Clarke-Mordaunt-Guthrie Racing		
new	1971-09-QU	Jolly_Club_of_Switzerland	Jolly Club of Switzerland		
new	1971-10-QU	Ecurie_Evergreen	Ecurie Evergreen		
new	1971-10-QU	Penske-White_Racing	Penske-White Racing		
alias	1972-01-QU	Ceramica_Pagnossin_Team_Surtees	Ceramica Pagnossin Team Surtees	1970-01-QU	Team_Surtees
change	1972-01-QU	Equipe_Matra	Equipe Matra	1971-01-QU	Equip_Matra_Sports
change	1972-01-QU	John_Player_Team_Lotus	John Player Team Lotus	1968-02-QU	Gold_Leaf_Team_Lotus
change	1972-01-QU	Marlboro-BRM	Marlboro-BRM	1970-02-QU	Yardley_Team_BRM
alias	1972-01-QU	Rob_Walker-Team_Surtees	Rob Walker-Team Surtees	1970-01-QU	Team_Surtees
change	1972-01-QU	Team_Williams-Motul	Team Williams-Motul	1969-02-QU	Frank_Williams_Racing_Cars
change	1972-01-QU	Yardley_Team_McLaren	Yardley Team McLaren	1966-01-QU	Bruce_McLaren_Motor_Racing
alias	1972-02-QU	Brooke_Bond_Oxo_Team_Surtees	Brooke Bond Oxo Team Surtees	1970-01-QU	Team_Surtees
new	1972-02-QU	Team_Eifelland_Caravans	Team Eifelland Caravans		
new	1972-05-QU	Martini_Racing_Team	Martini Racing Team		
alias	1972-06-QU	Flame_Out_Team_Surtees	Flame Out Team Surtees	1970-01-QU	Team_Surtees
new	1972-07-QU	Darnvall_Connew_Racing_Team	Darnvall Connew Racing Team		
new	1972-12-QU	Champcarr_Inc	Champcarr Inc		
change	1973-01-QU	Clarke-Mordaunt-Guthrie-Durlacher	Clarke-Mordaunt-Guthrie-Durlacher	1971-06-QU	Clarke-Mordaunt-Guthrie_Racing
new	1973-03-QU	Blignaut-Lucky_Strike_Racing	Blignaut-Lucky Strike Racing		
change	1973-03-QU	Scuderia_Scribante-Lucky_Strike	Scuderia Scribante-Lucky Strike	1967-01-QU	Scuderia_Scribante
new	1973-03-QU	UOP_Shadow_Racing_Team	UOP Shadow Racing Team		
alias	1973-04-QU	Ceramica_Pagnossin_Team_MRD	Ceramica Pagnossin Team MRD	1969-01-QU	Motor_Racing_Developments
new	1973-04-QU	Embassy_Racing	Embassy Racing		
new	1973-06-QU	Hesketh_Racing	Hesketh Racing		
new	1973-06-QU	LEC_Refrigeration_Racing	LEC Refrigeration Racing		
alias	1973-07-QU	Team_Pierre_Robert	Team Pierre Robert	1973-01-QU	Clarke-Mordaunt-Guthrie-Durlacher
new	1973-08-QU	Team_Ensign	Team Ensign		
alias	1974-01-QU	Bang_and_Olufsen_Team_Surtees	Bang and Olufsen Team Surtees	1970-01-QU	Team_Surtees
new	1974-01-QU	Goldie_Hexagon_Racing	Goldie Hexagon Racing		
change	1974-01-QU	March_Engineering	March Engineering	1971-01-QU	STP_March_Racing_Team
alias	1974-01-QU	Marlboro_Team_Texaco	Marlboro Team Texaco	1972-01-QU	Yardley_Team_McLaren
change	1974-01-QU	Team_Motul_BRM	Team Motul BRM	1972-01-QU	Marlboro-BRM
alias	1974-03-QU	Blignaut-Embassy_Racing	Blignaut-Embassy Racing	1973-04-QU	Embassy_Racing
new	1974-04-QU	Chris_Amon_Racing	Chris Amon Racing		
new	1974-04-QU	Trojan-Tauranac_Racing	Trojan-Tauranac Racing		
new	1974-05-QU	Scuderia_Finotto	Scuderia Finotto		
new	1974-05-QU	Token_Racing	Token Racing		
new	1974-07-QU	AAW_Racing_Team	AAW Racing Team		
alias	1974-12-QU	Memphis_International_Team_Surtees	Memphis International Team Surtees	1970-01-QU	Team_Surtees
change	1974-14-QU	Penske_Cars	Penske Cars	1971-10-QU	Penske-White_Racing
new	1974-14-QU	Team_Canada_F1_Racing	Team Canada F1 Racing		
new	1974-14-QU	Vel's_Parnelli_Jones_Racing	Vel's Parnelli Jones Racing		
alias	1975-01-QU	Beta_Team_March	Beta Team March	1974-01-QU	March_Engineering
new	1975-01-QU	Copersucar-Fittipaldi	Copersucar-Fittipaldi		
change	1975-01-QU	Marlboro_Team_McLaren	Marlboro Team McLaren	1972-01-QU	Yardley_Team_McLaren
change	1975-01-QU	Martini_Racing	Martini Racing	1969-01-QU	Motor_Racing_Developments
change	1975-01-QU	Stanley_BRM	Stanley BRM	1974-01-QU	Team_Motul_BRM
new	1975-03-QU	Lexington_Racing	Lexington Racing		
change	1975-03-QU	Lucky_Strike_Scribante_Racing	Lucky Strike Scribante Racing	1973-03-QU	Scuderia_Scribante-Lucky_Strike
new	1975-04-QU	Custom_Made_Harry_Stiller_Racing	Custom Made Harry Stiller Racing		
change	1975-04-QU	HB_Bewaking_Team_Ensign	HB Bewaking Team Ensign	1973-08-QU	Team_Ensign
alias	1975-04-QU	Lavazza_March	Lavazza March	1974-01-QU	March_Engineering
alias	1975-07-QU	Polar_Caravans	Polar Caravans	1973-06-QU	Hesketh_Racing
new	1975-08-QU	Maki_Engineering	Maki Engineering		
alias	1975-10-QU	National_Organs_Team_Surtees	National Organs Team Surtees	1970-01-QU	Team_Surtees
new	1975-10-QU	Pinch_(Plant)_Ltd.	Pinch (Plant) Ltd.		
alias	1975-11-QU	Warsteiner_Brewery	Warsteiner Brewery	1973-06-QU	Hesketh_Racing
change	1976-01-QU	Citibank_Team_Penske	Citibank Team Penske	1974-14-QU	Penske_Cars
new	1976-01-QU	Ligier_Gitanes	Ligier Gitanes		
change	1976-01-QU	Shadow_Racing_Team	Shadow Racing Team	1973-03-QU	UOP_Shadow_Racing_Team
change	1976-02-QU	Team_Ensign	Team Ensign	1975-04-QU	HB_Bewaking_Team_Ensign
alias	1976-03-QU	Durex_Team_Surtees	Durex Team Surtees	1970-01-QU	Team_Surtees
new	1976-04-QU	HB_Bewaking_Alarm_Systems	HB Bewaking Alarm Systems		
alias	1976-04-QU	Ovoro_Team_March	Ovoro Team March	1974-01-QU	March_Engineering
new	1976-05-QU	RAM_Racing	RAM Racing		
alias	1976-05-QU	Tissot_RAM_Racing	Tissot RAM Racing	1976-05-QU	RAM_Racing
new	1976-08-QU	Team_Norev_Racing	Team Norev Racing		
new	1976-10-QU	Scuderia_Gulf_Rodini	Scuderia Gulf Rodini		
alias	1976-11-QU	RAM_Racing_with_Lavazza	RAM Racing with Lavazza	1976-05-QU	RAM_Racing
new	1976-12-QU	F&S_Properties	F&S Properties		
new	1976-13-QU	OASC_Racing_Team	OASC Racing Team		
alias	1976-14-QU	Walter_Wolf_Racing	Walter Wolf Racing	1972-01-QU	Team_Williams-Motul
new	1976-16-QU	Heros_Racing	Heros Racing		
new	1976-16-QU	Kojima_Engineering	Kojima Engineering		
alias	1977-01-QU	Beta_Team_Surtees	Beta Team Surtees	1970-01-QU	Team_Surtees
alias	1977-01-QU	Hollywood_March_Racing	Hollywood March Racing	1974-01-QU	March_Engineering
alias	1977-01-QU	Team_Rothmans_International	Team Rothmans International	1974-01-QU	March_Engineering
change	1977-01-QU	Team_Tissot_Ensign	Team Tissot Ensign	1976-02-QU	Team_Ensign
alias	1977-02-QU	Rotary_Watches_/_Stanley_BRM	Rotary Watches / Stanley BRM	1975-01-QU	Stanley_BRM
change	1977-03-QU	Chesterfield_Racing	Chesterfield Racing	1976-08-QU	Team_Norev_Racing
change	1977-03-QU	RAM_Racing_/_F&S_Properties	RAM Racing / F&S Properties	1976-05-QU	RAM_Racing
new	1977-04-QU	ATS_Racing_Team	ATS Racing Team		
new	1977-05-QU	Iberia_Airlines	Iberia Airlines		
alias	1977-05-QU	Penthouse_Rizla_Racing	Penthouse Rizla Racing	1973-06-QU	Hesketh_Racing
new	1977-05-QU	Team_Merzario	Team Merzario		
new	1977-05-QU	Williams_Grand_Prix_Engineering	Williams Grand Prix Engineering		
new	1977-10-QU	Equipe_Renault_Elf	Equipe Renault Elf		
new	1977-10-QU	Theodore_Racing_Hong_Kong	Theodore Racing Hong Kong		
new	1977-15-QU	Interscope_Racing	Interscope Racing		
new	1977-17-QU	Heros_Racing_Corporation	Heros Racing Corporation		
new	1977-17-QU	Meiritsu_Racing_Team	Meiritsu Racing Team		
change	1978-01-QU	Fittipaldi_Automotive	Fittipaldi Automotive	1975-01-QU	Copersucar-Fittipaldi
change	1978-01-QU	Liggett_Group_/_BS_Fabrications	Liggett Group / BS Fabrications	1977-03-QU	Chesterfield_Racing
change	1978-01-QU	Parmalat_Racing_Team	Parmalat Racing Team	1975-01-QU	Martini_Racing
new	1978-02-QU	Arrows_Racing_Team	Arrows Racing Team		
new	1978-02-QU	Team_Rebaque	Team Rebaque		
change	1978-03-QU	Olympus_Cameras_Hesketh_Racing	Olympus Cameras Hesketh Racing	1973-06-QU	Hesketh_Racing
new	1978-06-QU	Automobiles_Martini	Automobiles Martini		
new	1978-11-QU	Sachs_Racing	Sachs Racing		
alias	1978-12-QU	BS_Fabrications	BS Fabrications	1978-01-QU	Liggett_Group_/_BS_Fabrications
change	1979-01-QU	Albilad-Saudia_Racing_Team	Albilad-Saudia Racing Team	1977-05-QU	Williams_Grand_Prix_Engineering
change	1979-01-QU	ATS_Wheels	ATS Wheels	1977-04-QU	ATS_Racing_Team
change	1979-01-QU	Candy_Tyrrell_Team	Candy Tyrrell Team	1971-01-QU	Elf_Team_Tyrrell
alias	1979-01-QU	Interscope_Shadow_Racing_Team	Interscope Shadow Racing Team	1976-01-QU	Shadow_Racing_Team
change	1979-01-QU	Martini_Racing_Team_Lotus	Martini Racing Team Lotus	1972-01-QU	John_Player_Team_Lotus
change	1979-01-QU	Olympus_Cameras_Wolf_Racing	Olympus Cameras Wolf Racing	1972-01-QU	Team_Williams-Motul
alias	1979-01-QU	Samson_Shadow_Racing_Team	Samson Shadow Racing Team	1976-01-QU	Shadow_Racing_Team
change	1979-01-QU	Team_Ensign	Team Ensign	1977-01-QU	Team_Tissot_Ensign
change	1979-01-QU	Warsteiner_Arrows_Racing_Team	Warsteiner Arrows Racing Team	1978-02-QU	Arrows_Racing_Team
new	1979-06-QU	Autodelta	Autodelta		
change	1980-01-QU	Albilad-Williams_Racing_Team	Albilad-Williams Racing Team	1979-01-QU	Albilad-Saudia_Racing_Team
change	1980-01-QU	Equipe_Ligier_Gitanes	Equipe Ligier Gitanes	1976-01-QU	Ligier_Gitanes
change	1980-01-QU	Marlboro_Team_Alfa_Romeo	Marlboro Team Alfa Romeo	1979-06-QU	Autodelta
change	1980-01-QU	Skol_Fittipaldi_Team	Skol Fittipaldi Team	1978-01-QU	Fittipaldi_Automotive
change	1980-01-QU	Team_ATS	Team ATS	1979-01-QU	ATS_Wheels
change	1980-01-QU	Team_Essex_Lotus	Team Essex Lotus	1979-01-QU	Martini_Racing_Team_Lotus
change	1980-01-QU	Unipart_Racing_Team	Unipart Racing Team	1979-01-QU	Team_Ensign
new	1980-03-QU	Osella_Squadra_Corse	Osella Squadra Corse		
change	1980-03-QU	Shadow_Cars	Shadow Cars	1976-01-QU	Shadow_Racing_Team
change	1980-08-QU	RAM_/_Williams_GP_Engineering	RAM / Williams GP Engineering	1977-03-QU	RAM_Racing_/_F&S_Properties
change	1981-01-QU	Arrows_Racing_Team	Arrows Racing Team	1979-01-QU	Warsteiner_Arrows_Racing_Team
change	1981-01-QU	Ensign_Racing	Ensign Racing	1980-01-QU	Unipart_Racing_Team
change	1981-01-QU	Equipe_Talbot_Gitanes	Equipe Talbot Gitanes	1980-01-QU	Equipe_Ligier_Gitanes
change	1981-01-QU	Fittipaldi_Automotive	Fittipaldi Automotive	1980-01-QU	Skol_Fittipaldi_Team
change	1981-01-QU	Marlboro_McLaren_International	Marlboro McLaren International	1975-01-QU	Marlboro_Team_McLaren
change	1981-01-QU	TAG_Williams_Racing_Team	TAG Williams Racing Team	1980-01-QU	Albilad-Williams_Racing_Team
change	1981-01-QU	Team_Tyrrell	Team Tyrrell	1979-01-QU	Candy_Tyrrell_Team
change	1981-01-QU	Theodore_Racing_Team	Theodore Racing Team	1977-10-QU	Theodore_Racing_Hong_Kong
change	1981-04-QU	March_Grand_Prix_Team	March Grand Prix Team	1974-01-QU	March_Engineering
new	1981-07-QU	Equipe_Banco_Occidental	Equipe Banco Occidental		
change	1981-07-QU	John_Player_Team_Lotus	John Player Team Lotus	1980-01-QU	Team_Essex_Lotus
new	1981-13-QU	Candy_Toleman_Motorsport	Candy Toleman Motorsport		
change	1982-01-QU	March_Grand_Prix	March Grand Prix	1981-04-QU	March_Grand_Prix_Team
change	1982-01-QU	TAG_Williams_Team	TAG Williams Team	1981-01-QU	TAG_Williams_Racing_Team
change	1983-01-QU	Benetton_Tyrrell_Team	Benetton Tyrrell Team	1981-01-QU	Team_Tyrrell
change	1983-01-QU	Equipe_Ligier_Gitanes	Equipe Ligier Gitanes	1981-01-QU	Equipe_Talbot_Gitanes
change	1983-01-QU	Fila_Sport	Fila Sport	1978-01-QU	Parmalat_Racing_Team
change	1983-01-QU	RAM_Automotive_Team_March	RAM Automotive Team March	1982-01-QU	March_Grand_Prix
change	1983-01-QU	TAG_Williams	TAG Williams	1982-01-QU	TAG_Williams_Team
new	1983-09-QU	Spirit_Racing	Spirit Racing		
change	1984-01-QU	Barclays_Nordica_Arrows_BMW	Barclays Nordica Arrows BMW	1981-01-QU	Arrows_Racing_Team
change	1984-01-QU	Benetton_Team_Alfa_Romeo	Benetton Team Alfa Romeo	1980-01-QU	Marlboro_Team_Alfa_Romeo
change	1984-01-QU	Ligier_Loto	Ligier Loto	1983-01-QU	Equipe_Ligier_Gitanes
change	1984-01-QU	MRD_International	MRD International	1983-01-QU	Fila_Sport
change	1984-01-QU	Saudia_Williams_Honda	Saudia Williams Honda	1983-01-QU	TAG_Williams
change	1984-01-QU	Skoal_Bandit_Formula_1_Team	Skoal Bandit Formula 1 Team	1983-01-QU	RAM_Automotive_Team_March
change	1984-01-QU	Toleman_Group_Motorsport	Toleman Group Motorsport	1981-13-QU	Candy_Toleman_Motorsport
change	1984-01-QU	Tyrrell_Racing_Organisation	Tyrrell Racing Organisation	1983-01-QU	Benetton_Tyrrell_Team
change	1985-01-QU	Barclays_Arrows_BMW	Barclays Arrows BMW	1984-01-QU	Barclays_Nordica_Arrows_BMW
change	1985-01-QU	Canon_Williams_Honda	Canon Williams Honda	1984-01-QU	Saudia_Williams_Honda
change	1985-01-QU	Equipe_Ligier	Equipe Ligier	1984-01-QU	Ligier_Loto
change	1985-01-QU	John_Player_Special_Team_Lotus	John Player Special Team Lotus	1981-07-QU	John_Player_Team_Lotus
new	1985-01-QU	Minardi_Team	Minardi Team		
change	1985-01-QU	Motor_Racing_Developments	Motor Racing Developments	1984-01-QU	MRD_International
change	1985-01-QU	Spirit_Enterprises_Ltd.	Spirit Enterprises Ltd.	1983-09-QU	Spirit_Racing
new	1985-02-QU	West_Zakspeed_Racing	West Zakspeed Racing		
new	1985-12-QU	Team_Haas_Ltd.	Team Haas Ltd.		
change	1986-01-QU	Benetton_Formula	Benetton Formula	1984-01-QU	Benetton_Team_Alfa_Romeo
change	1986-01-QU	Data_General_Team_Tyrrell	Data General Team Tyrrell	1984-01-QU	Tyrrell_Racing_Organisation
change	1986-01-QU	Team_Haas	Team Haas	1985-12-QU	Team_Haas_Ltd.
new	1986-13-QU	Jolly_Club_SpA	Jolly Club SpA		
change	1987-01-QU	Camel_Team_Lotus_Honda	Camel Team Lotus Honda	1985-01-QU	John_Player_Special_Team_Lotus
new	1987-01-QU	Leyton_House_March_Racing_Team	Leyton House March Racing Team		
change	1987-01-QU	Ligier_Loto	Ligier Loto	1985-01-QU	Equipe_Ligier
change	1987-01-QU	Team_El_Charro_AGS	Team El Charro AGS	1986-13-QU	Jolly_Club_SpA
change	1987-01-QU	US_F&G_Arrows_Megatron	US F&G Arrows Megatron	1985-01-QU	Barclays_Arrows_BMW
new	1987-02-QU	Larrousse_&_Calmels_F1	Larrousse & Calmels F1		
new	1987-13-QU	Coloni_Racing	Coloni Racing		
change	1988-01-QU	Canon_Williams	Canon Williams	1985-01-QU	Canon_Williams_Honda
new	1988-01-QU	Eurobrun_Racing	Eurobrun Racing		
change	1988-01-QU	Honda_Marlboro_McLaren	Honda Marlboro McLaren	1981-01-QU	Marlboro_McLaren_International
new	1988-01-QU	Rial_Racing	Rial Racing		
change	1988-01-QU	Team_AGS	Team AGS	1987-01-QU	Team_El_Charro_AGS
change	1988-01-QU	Tyrrell_Racing_Organisation	Tyrrell Racing Organisation	1986-01-QU	Data_General_Team_Tyrrell
new	1988-02-QU	Scuderia_Italia	Scuderia Italia		
change	1988-02-QU	Zakspeed_Racing	Zakspeed Racing	1985-02-QU	West_Zakspeed_Racing
change	1989-01-QU	Camel_Team_Lotus	Camel Team Lotus	1987-01-QU	Camel_Team_Lotus_Honda
change	1989-01-QU	Canon_Williams_Renault	Canon Williams Renault	1988-01-QU	Canon_Williams
change	1989-01-QU	Equipe_Larrousse_F1	Equipe Larrousse F1	1987-02-QU	Larrousse_&_Calmels_F1
change	1989-01-QU	Leyton_House_Racing	Leyton House Racing	1987-01-QU	Leyton_House_March_Racing_Team
change	1989-01-QU	Lois_Minardi_Team	Lois Minardi Team	1985-01-QU	Minardi_Team
change	1989-01-QU	Motor_Racing_Developments_Ltd.	Motor Racing Developments Ltd.	1985-01-QU	Motor_Racing_Developments
change	1989-01-QU	US_F&G_Arrows	US F&G Arrows	1987-01-QU	US_F&G_Arrows_Megatron
change	1989-01-QU	West_Zakspeed_Racing	West Zakspeed Racing	1988-02-QU	Zakspeed_Racing
change	1989-02-QU	Automobiles_Gonfaronnaises_Sportives	Automobiles Gonfaronnaises Sportives	1988-01-QU	Team_AGS
change	1989-03-QU	Coloni_SpA	Coloni SpA	1987-13-QU	Coloni_Racing
new	1989-04-QU	Moneytron_Onyx	Moneytron Onyx		
change	1990-01-QU	Espo_Larrousse_F1	Espo Larrousse F1	1989-01-QU	Equipe_Larrousse_F1
change	1990-01-QU	Fondmetal_Osella	Fondmetal Osella	1980-03-QU	Osella_Squadra_Corse
change	1990-01-QU	Footwork_Arrows_Racing	Footwork Arrows Racing	1989-01-QU	US_F&G_Arrows
change	1990-01-QU	Ligier_Gitanes	Ligier Gitanes	1987-01-QU	Ligier_Loto
change	1990-01-QU	SCM_Minardi_Team	SCM Minardi Team	1989-01-QU	Lois_Minardi_Team
change	1990-01-QU	Scuderia_Ferrari_SpA	Scuderia Ferrari SpA	1961-01-QU	Scuderia_Ferrari_SpA_SEFAC
change	1990-01-QU	Scuderia_Italia_SpA	Scuderia Italia SpA	1988-02-QU	Scuderia_Italia
change	1990-02-QU	Automobiles_Gonfaronaise_Sportives	Automobiles Gonfaronaise Sportives	1989-02-QU	Automobiles_Gonfaronnaises_Sportives
change	1990-03-QU	Monteverdi_Onyx_Formula	Monteverdi Onyx Formula	1989-04-QU	Moneytron_Onyx
change	1990-09-QU	Monteverdi_Onyx_F1	Monteverdi Onyx F1	1990-03-QU	Monteverdi_Onyx_Formula
change	1991-01-QU	Automobiles_Gonfaronnaises_Sportives	Automobiles Gonfaronnaises Sportives	1990-02-QU	Automobiles_Gonfaronaise_Sportives
change	1991-01-QU	Braun_Tyrrell_Honda	Braun Tyrrell Honda	1988-01-QU	Tyrrell_Racing_Organisation
change	1991-01-QU	Camel_Benetton_Ford	Camel Benetton Ford	1986-01-QU	Benetton_Formula
change	1991-01-QU	Footwork_Grand_Prix_International	Footwork Grand Prix International	1990-01-QU	Footwork_Arrows_Racing
change	1991-01-QU	Larrousse_F1	Larrousse F1	1990-01-QU	Espo_Larrousse_F1
new	1991-01-QU	Modena_Team_SpA	Modena Team SpA		
new	1991-01-QU	Team_7-Up_Jordan	Team 7-Up Jordan		
change	1991-01-QU	Team_Lotus	Team Lotus	1989-01-QU	Camel_Team_Lotus
change	1991-06-QU	Fondmetal_F1_SpA	Fondmetal F1 SpA	1990-01-QU	Fondmetal_Osella
change	1992-01-QU	Central_Park_Venturi_Larrousse	Central Park Venturi Larrousse	1991-01-QU	Larrousse_F1
change	1992-01-QU	Footwork_Mugen_Honda	Footwork Mugen Honda	1991-01-QU	Footwork_Grand_Prix_International
change	1992-01-QU	Ligier_Gitanes_Blondes	Ligier Gitanes Blondes	1990-01-QU	Ligier_Gitanes
change	1992-01-QU	March_F1	March F1	1989-01-QU	Leyton_House_Racing
change	1992-01-QU	Minardi_Team	Minardi Team	1990-01-QU	SCM_Minardi_Team
change	1992-01-QU	Sasol_Jordan_Yamaha	Sasol Jordan Yamaha	1991-01-QU	Team_7-Up_Jordan
change	1992-01-QU	Tyrrell_Racing_Organisation	Tyrrell Racing Organisation	1991-01-QU	Braun_Tyrrell_Honda
change	1992-06-QU	Andrea_Moda_Formula	Andrea Moda Formula	1989-03-QU	Coloni_SpA
change	1993-01-QU	Larrousse_F1	Larrousse F1	1992-01-QU	Central_Park_Venturi_Larrousse
change	1993-01-QU	Lola_BMS_Scuderia_Italia	Lola BMS Scuderia Italia	1990-01-QU	Scuderia_Italia_SpA
change	1993-01-QU	Marlboro_McLaren	Marlboro McLaren	1988-01-QU	Honda_Marlboro_McLaren
change	1993-01-QU	Sasol_Jordan	Sasol Jordan	1992-01-QU	Sasol_Jordan_Yamaha
new	1993-01-QU	Sauber_AG	Sauber AG		
change	1994-01-QU	Broker_Sauber_Mercedes	Broker Sauber Mercedes	1993-01-QU	Sauber_AG
change	1994-01-QU	Footwork_Ford	Footwork Ford	1992-01-QU	Footwork_Mugen_Honda
change	1994-01-QU	Marlboro_McLaren_Peugeot	Marlboro McLaren Peugeot	1993-01-QU	Marlboro_McLaren
change	1994-01-QU	Mild_Seven_Benetton_Ford	Mild Seven Benetton Ford	1991-01-QU	Camel_Benetton_Ford
change	1994-01-QU	Minardi_Scuderia_Italia	Minardi Scuderia Italia	1992-01-QU	Minardi_Team
new	1994-01-QU	MTV_Simtek_Ford	MTV Simtek Ford		
new	1994-01-QU	Pacific_Grand_Prix	Pacific Grand Prix		
change	1994-01-QU	Rothmans_Williams_Renault	Rothmans Williams Renault	1989-01-QU	Canon_Williams_Renault
change	1994-01-QU	Tourtel_Larrousse_F1	Tourtel Larrousse F1	1993-01-QU	Larrousse_F1
change	1994-01-QU	Tyrrell_Racing_Organization	Tyrrell Racing Organization	1992-01-QU	Tyrrell_Racing_Organisation
change	1995-01-QU	Footwork_Hart	Footwork Hart	1994-01-QU	Footwork_Ford
change	1995-01-QU	Marlboro_McLaren_Mercedes	Marlboro McLaren Mercedes	1994-01-QU	Marlboro_McLaren_Peugeot
change	1995-01-QU	Mild_Seven_Benetton_Renault	Mild Seven Benetton Renault	1994-01-QU	Mild_Seven_Benetton_Ford
change	1995-01-QU	Nokia_Tyrrell_Yamaha	Nokia Tyrrell Yamaha	1994-01-QU	Tyrrell_Racing_Organization
change	1995-01-QU	Pacific_Grand_Prix_Ltd.	Pacific Grand Prix Ltd.	1994-01-QU	Pacific_Grand_Prix
new	1995-01-QU	Parmalat_Forti_Ford	Parmalat Forti Ford		
change	1995-01-QU	Red_Bull_Sauber_Ford	Red Bull Sauber Ford	1994-01-QU	Broker_Sauber_Mercedes
change	1995-01-QU	Total_Jordan_Peugeot	Total Jordan Peugeot	1993-01-QU	Sasol_Jordan
change	1996-01-QU	B&H_Total_Jordan_Peugeot	B&H Total Jordan Peugeot	1995-01-QU	Total_Jordan_Peugeot
change	1996-01-QU	Equipe_Ligier_Gauloises_Blondes	Equipe Ligier Gauloises Blondes	1992-01-QU	Ligier_Gitanes_Blondes
change	1996-01-QU	Minardi_Team_SpA	Minardi Team SpA	1994-01-QU	Minardi_Scuderia_Italia
change	1996-01-QU	Tyrrell-Yamaha	Tyrrell-Yamaha	1995-01-QU	Nokia_Tyrrell_Yamaha
change	1996-02-QU	Forti_Grand_Prix	Forti Grand Prix	1995-01-QU	Parmalat_Forti_Ford
change	1997-01-QU	Danka_Arrows_Yamaha	Danka Arrows Yamaha	1995-01-QU	Footwork_Hart
change	1997-01-QU	Equipe_Prost_Gauloises_Blondes	Equipe Prost Gauloises Blondes	1996-01-QU	Equipe_Ligier_Gauloises_Blondes
change	1997-01-QU	Red_Bull_Sauber_Petronas	Red Bull Sauber Petronas	1995-01-QU	Red_Bull_Sauber_Ford
change	1997-01-QU	Scuderia_Ferrari_Marlboro	Scuderia Ferrari Marlboro	1990-01-QU	Scuderia_Ferrari_SpA
new	1997-01-QU	Stewart_Ford	Stewart Ford		
change	1997-01-QU	Tyrrell-Ford	Tyrrell-Ford	1996-01-QU	Tyrrell-Yamaha
change	1997-01-QU	West_McLaren_Mercedes	West McLaren Mercedes	1995-01-QU	Marlboro_McLaren_Mercedes
change	1998-01-QU	Benson_and_Hedges_Total_Jordan	Benson and Hedges Total Jordan	1996-01-QU	B&H_Total_Jordan_Peugeot
change	1998-01-QU	Danka_Zepter_Arrows	Danka Zepter Arrows	1997-01-QU	Danka_Arrows_Yamaha
change	1998-01-QU	Mild_Seven_Benetton_Playlife	Mild Seven Benetton Playlife	1995-01-QU	Mild_Seven_Benetton_Renault
change	1998-01-QU	Winfield_Williams_F1_Mecachrome	Winfield Williams F1 Mecachrome	1994-01-QU	Rothmans_Williams_Renault
change	1999-01-QU	Arrows_Grand_Prix	Arrows Grand Prix	1998-01-QU	Danka_Zepter_Arrows
change	1999-01-QU	British_American_Racing	British American Racing	1997-01-QU	Tyrrell-Ford
change	1999-01-QU	Winfield_Williams_F1	Winfield Williams F1	1998-01-QU	Winfield_Williams_F1_Mecachrome
change	2000-01-QU	Arrows_Supertec	Arrows Supertec	1999-01-QU	Arrows_Grand_Prix
change	2000-01-QU	Benson_and_Hedges_Jordan	Benson and Hedges Jordan	1998-01-QU	Benson_and_Hedges_Total_Jordan
change	2000-01-QU	BMW_Williams_F1	BMW Williams F1	1999-01-QU	Winfield_Williams_F1
change	2000-01-QU	Gauloises_Prost_Peugeot	Gauloises Prost Peugeot	1997-01-QU	Equipe_Prost_Gauloises_Blondes
change	2000-01-QU	Jaguar_Racing_Ltd.	Jaguar Racing Ltd.	1997-01-QU	Stewart_Ford
change	2000-01-QU	Lucky_Strike_BAR_Honda	Lucky Strike BAR Honda	1999-01-QU	British_American_Racing
change	2000-01-QU	Telefonica_Minardi_Fondmetal	Telefonica Minardi Fondmetal	1996-01-QU	Minardi_Team_SpA
change	2001-01-QU	Mild_Seven_Benetton	Mild Seven Benetton	1998-01-QU	Mild_Seven_Benetton_Playlife
change	2001-01-QU	Minardi_European_F1	Minardi European F1	2000-01-QU	Telefonica_Minardi_Fondmetal
change	2001-01-QU	Orange_Arrows_Asiatech	Orange Arrows Asiatech	2000-01-QU	Arrows_Supertec
change	2001-01-QU	Prost_Acer_GP	Prost Acer GP	2000-01-QU	Gauloises_Prost_Peugeot
change	2002-01-QU	DHL_Jordan_Honda	DHL Jordan Honda	2000-01-QU	Benson_and_Hedges_Jordan
change	2002-01-QU	KL_Minardi_Asiatech	KL Minardi Asiatech	2001-01-QU	Minardi_European_F1
change	2002-01-QU	Mild_Seven_Renault_F1_Team	Mild Seven Renault F1 Team	2001-01-QU	Mild_Seven_Benetton
change	2002-01-QU	Orange_Arrows	Orange Arrows	2001-01-QU	Orange_Arrows_Asiatech
new	2002-01-QU	Panasonic_Toyota_Racing	Panasonic Toyota Racing		
change	2002-01-QU	Sauber_Petronas	Sauber Petronas	1997-01-QU	Red_Bull_Sauber_Petronas
change	2003-01-QU	European_Minardi_Cosworth	European Minardi Cosworth	2002-01-QU	KL_Minardi_Asiatech
change	2003-01-QU	Jordan_Ford	Jordan Ford	2002-01-QU	DHL_Jordan_Honda
change	2004-01-QU	Minardi_Cosworth	Minardi Cosworth	2003-01-QU	European_Minardi_Cosworth
change	2005-01-QU	Jordan_Grand_Prix	Jordan Grand Prix	2003-01-QU	Jordan_Ford
change	2005-01-QU	Minardi_F1_Team	Minardi F1 Team	2004-01-QU	Minardi_Cosworth
change	2005-01-QU	Red_Bull_Racing	Red Bull Racing	2000-01-QU	Jaguar_Racing_Ltd.
change	2006-01-QU	BMW_Sauber_F1_Team	BMW Sauber F1 Team	2002-01-QU	Sauber_Petronas
change	2006-01-QU	Lucky_Strike_Honda_Racing_F1_Team	Lucky Strike Honda Racing F1 Team	2000-01-QU	Lucky_Strike_BAR_Honda
change	2006-01-QU	Midland_F1_Racing	Midland F1 Racing	2005-01-QU	Jordan_Grand_Prix
change	2006-01-QU	Scuderia_Toro_Rosso	Scuderia Toro Rosso	2005-01-QU	Minardi_F1_Team
new	2006-01-QU	Super_Aguri_F1_Team	Super Aguri F1 Team		
change	2006-01-QU	Team_McLaren_Mercedes	Team McLaren Mercedes	1997-01-QU	West_McLaren_Mercedes
change	2006-01-QU	Williams_F1_Team	Williams F1 Team	2000-01-QU	BMW_Williams_F1
change	2006-15-QU	Spyker_MF1_Team	Spyker MF1 Team	2006-01-QU	Midland_F1_Racing
change	2007-01-QU	AT&T_Williams	AT&T Williams	2006-01-QU	Williams_F1_Team
change	2007-01-QU	Etihad_Aldar_Spyker_F1_Team	Etihad Aldar Spyker F1 Team	2006-15-QU	Spyker_MF1_Team
change	2007-01-QU	Honda_Racing_F1_Team	Honda Racing F1 Team	2006-01-QU	Lucky_Strike_Honda_Racing_F1_Team
change	2007-01-QU	ING_Renault_F1_Team	ING Renault F1 Team	2002-01-QU	Mild_Seven_Renault_F1_Team
change	2007-01-QU	Super_Aguri_F1	Super Aguri F1	2006-01-QU	Super_Aguri_F1_Team
change	2007-01-QU	Vodafone_McLaren_Mercedes	Vodafone McLaren Mercedes	2006-01-QU	Team_McLaren_Mercedes
change	2008-01-QU	Force_India_F1_Team	Force India F1 Team	2007-01-QU	Etihad_Aldar_Spyker_F1_Team
change	2009-01-QU	Brawn_GP_F1_Team	Brawn GP F1 Team	2007-01-QU	Honda_Racing_F1_Team
new	2010-01-QU	HRT_F1_Team	HRT F1 Team		
new	2010-01-QU	Lotus_F1_Racing	Lotus F1 Racing		
change	2010-01-QU	Mercedes_GP_Petronas_F1_Team	Mercedes GP Petronas F1 Team	2009-01-QU	Brawn_GP_F1_Team
change	2010-01-QU	Renault_F1_Team	Renault F1 Team	2007-01-QU	ING_Renault_F1_Team
new	2010-01-QU	Virgin_Racing	Virgin Racing		
change	2011-01-QU	Lotus_Renault_GP	Lotus Renault GP	2010-01-QU	Renault_F1_Team
change	2011-01-QU	Marussia_Virgin_Racing	Marussia Virgin Racing	2010-01-QU	Virgin_Racing
change	2011-01-QU	Sauber_F1_Team	Sauber F1 Team	2006-01-QU	BMW_Sauber_F1_Team
change	2011-01-QU	Team_Lotus	Team Lotus	2010-01-QU	Lotus_F1_Racing
change	2012-01-QU	Caterham_F1_Team	Caterham F1 Team	2011-01-QU	Team_Lotus
change	2012-01-QU	Lotus_F1_Team	Lotus F1 Team	2011-01-QU	Lotus_Renault_GP
change	2012-01-QU	Marussia_F1_Team	Marussia F1 Team	2011-01-QU	Marussia_Virgin_Racing
change	2012-01-QU	Mercedes_AMG_Petronas_F1_Team	Mercedes AMG Petronas F1 Team	2010-01-QU	Mercedes_GP_Petronas_F1_Team
change	2012-01-QU	Sahara_Force_India_F1_Team	Sahara Force India F1 Team	2008-01-QU	Force_India_F1_Team
change	2012-01-QU	Scuderia_Ferrari	Scuderia Ferrari	1997-01-QU	Scuderia_Ferrari_Marlboro
change	2013-01-QU	Infiniti_Red_Bull_Racing	Infiniti Red Bull Racing	2005-01-QU	Red_Bull_Racing
change	2014-01-QU	McLaren_Mercedes	McLaren Mercedes	2007-01-QU	Vodafone_McLaren_Mercedes
change	2014-01-QU	Williams_Martini_Racing	Williams Martini Racing	2007-01-QU	AT&T_Williams
change	2015-01-QU	McLaren_Honda	McLaren Honda	2014-01-QU	McLaren_Mercedes
change	2015-02-QU	Manor_Marussia_F1_Team	Manor Marussia F1 Team	2012-01-QU	Marussia_F1_Team
new	2016-01-QU	Haas_F1_Team	Haas F1 Team		
change	2016-01-QU	Manor_Racing	Manor Racing	2015-02-QU	Manor_Marussia_F1_Team
change	2016-01-QU	McLaren-Honda_F1_Team	McLaren-Honda F1 Team	2015-01-QU	McLaren_Honda
change	2016-01-QU	Renault_Sport_F1_Team	Renault Sport F1 Team	2012-01-QU	Lotus_F1_Team
change	2017-01-QU	Mercedes_AMG_Petronas_Motorsport	Mercedes AMG Petronas Motorsport	2012-01-QU	Mercedes_AMG_Petronas_F1_Team
change	2018-01-QU	Alfa_Romeo_Sauber_F1_Team	Alfa Romeo Sauber F1 Team	2011-01-QU	Sauber_F1_Team
change	2018-01-QU	Aston_Martin_Red_Bull_Racing	Aston Martin Red Bull Racing	2013-01-QU	Infiniti_Red_Bull_Racing
change	2018-01-QU	McLaren_F1_Team	McLaren F1 Team	2016-01-QU	McLaren-Honda_F1_Team
change	2018-01-QU	Red_Bull_Toro_Rosso_Honda	Red Bull Toro Rosso Honda	2006-01-QU	Scuderia_Toro_Rosso
change	2018-13-QU	Racing_Point_Force_India_F1_Team	Racing Point Force India F1 Team	2012-01-QU	Sahara_Force_India_F1_Team
change	2019-01-QU	Alfa_Romeo_Racing	Alfa Romeo Racing	2018-01-QU	Alfa_Romeo_Sauber_F1_Team
change	2019-01-QU	Renault_F1_Team	Renault F1 Team	2016-01-QU	Renault_Sport_F1_Team
change	2019-01-QU	Rich_Energy_Haas_F1_Team	Rich Energy Haas F1 Team	2016-01-QU	Haas_F1_Team
change	2019-01-QU	ROKiT_Williams_Racing	ROKiT Williams Racing	2014-01-QU	Williams_Martini_Racing
change	2019-01-QU	SportPesa_Racing_Point_F1_Team	SportPesa Racing Point F1 Team	2018-13-QU	Racing_Point_Force_India_F1_Team
change	2019-15-QU	Haas_F1_Team	Haas F1 Team	2019-01-QU	Rich_Energy_Haas_F1_Team
change	2020-01-QU	BWT_Racing_Point_F1_Team	BWT Racing Point F1 Team	2019-01-QU	SportPesa_Racing_Point_F1_Team
change	2020-01-QU	Mercedes_AMG_Petronas_F1_Team	Mercedes AMG Petronas F1 Team	2017-01-QU	Mercedes_AMG_Petronas_Motorsport
change	2020-01-QU	Scuderia_AlphaTauri_Honda	Scuderia AlphaTauri Honda	2018-01-QU	Red_Bull_Toro_Rosso_Honda
change	2020-01-QU	Scuderia_Ferrari_Mission_Winnow	Scuderia Ferrari Mission Winnow	2012-01-QU	Scuderia_Ferrari
change	2020-01-QU	Williams_Racing	Williams Racing	2019-01-QU	ROKiT_Williams_Racing
change	2021-01-QU	Alfa_Romeo_Racing_ORLEN	Alfa Romeo Racing ORLEN	2019-01-QU	Alfa_Romeo_Racing
change	2021-01-QU	Alpine_F1_Team	Alpine F1 Team	2019-01-QU	Renault_F1_Team
change	2021-01-QU	Aston_Martin_Cognizant_F1_Team	Aston Martin Cognizant F1 Team	2020-01-QU	BWT_Racing_Point_F1_Team
change	2021-01-QU	Red_Bull_Racing_Honda	Red Bull Racing Honda	2018-01-QU	Aston_Martin_Red_Bull_Racing
change	2021-01-QU	Scuderia_Mission_Winnow_Ferrari	Scuderia Mission Winnow Ferrari	2020-01-QU	Scuderia_Ferrari_Mission_Winnow
change	2021-01-QU	Uralkali_Haas_F1_Team	Uralkali Haas F1 Team	2019-15-QU	Haas_F1_Team
change	2022-01-QU	Aston_Martin_Aramco_Cognizant_F1_Team	Aston Martin Aramco Cognizant F1 Team	2021-01-QU	Aston_Martin_Cognizant_F1_Team
change	2022-01-QU	BWT_Alpine_F1_Team	BWT Alpine F1 Team	2021-01-QU	Alpine_F1_Team
change	2022-01-QU	Haas_F1_Team	Haas F1 Team	2021-01-QU	Uralkali_Haas_F1_Team
change	2022-01-QU	Oracle_Red_Bull_Racing	Oracle Red Bull Racing	2021-01-QU	Red_Bull_Racing_Honda
change	2022-01-QU	Scuderia_AlphaTauri	Scuderia AlphaTauri	2020-01-QU	Scuderia_AlphaTauri_Honda
change	2022-01-QU	Scuderia_Ferrari	Scuderia Ferrari	2021-01-QU	Scuderia_Mission_Winnow_Ferrari
